text,participant_id,source_name,evidence_id,quote,timestamp,suggested_labels,gold_labels,review_status,review_comment,labels
Synthetic UX research interview created for Phase 3 dataset development. Sure. I usually start by searching for a specific product rather than browsing the whole catalog.,P001,Interview -1.txt,P001_E001,Synthetic UX research interview created for Phase 3 dataset development.,,response:neutral,,skipped,Skipped during manual annotation.,
"Synthetic UX research interview created for Phase 3 dataset development. Sure. I usually start by searching for a specific product rather than browsing the whole catalog. I'm looking for black dresses, and there are a lot of results. I can see filters, but I'm not immediately sure which one will help me narrow the list fastest.",P001,Interview -1.txt,P001_E002,Sure. I usually start by searching for a specific product rather than browsing the whole catalog.,,response:neutral,,pending,,
"Sure. I usually start by searching for a specific product rather than browsing the whole catalog. I'm looking for black dresses, and there are a lot of results. I can see filters, but I'm not immediately sure which one will help me narrow the list fastest. I would probably choose size first, then price. I don't see an occasion filter, which would actually be more useful for me.",P001,Interview -1.txt,P001_E003,"I'm looking for black dresses, and there are a lot of results. I can see filters, but I'm not immediately sure which one will help me narrow the list fastest.",,response:neutral,,skipped,Skipped during manual annotation.,
"I'm looking for black dresses, and there are a lot of results. I can see filters, but I'm not immediately sure which one will help me narrow the list fastest. I would probably choose size first, then price. I don't see an occasion filter, which would actually be more useful for me. Yes. The price filter is easy enough. I can drag the range and the results update quickly.",P001,Interview -1.txt,P001_E004,"I would probably choose size first, then price. I don't see an occasion filter, which would actually be more useful for me.",,response:neutral,,pending,,
"I would probably choose size first, then price. I don't see an occasion filter, which would actually be more useful for me. Yes. The price filter is easy enough. I can drag the range and the results update quickly. The photos are good, but some cards don't show whether the item is available in my size. I have to open the product to check.",P001,Interview -1.txt,P001_E005,Yes. The price filter is easy enough. I can drag the range and the results update quickly.,,response:positive,,pending,,
"Yes. The price filter is easy enough. I can drag the range and the results update quickly. The photos are good, but some cards don't show whether the item is available in my size. I have to open the product to check. The product page looks clean. I like seeing several photos immediately, and the description is understandable.",P001,Interview -1.txt,P001_E006,"The photos are good, but some cards don't show whether the item is available in my size. I have to open the product to check.",,response:positive,,pending,,
"The photos are good, but some cards don't show whether the item is available in my size. I have to open the product to check. The product page looks clean. I like seeing several photos immediately, and the description is understandable. Yes, that's easy. It's lower down the page, but the heading makes it obvious.",P001,Interview -1.txt,P001_E007,"The product page looks clean. I like seeing several photos immediately, and the description is understandable.",,response:positive,,pending,,
"The product page looks clean. I like seeing several photos immediately, and the description is understandable. Yes, that's easy. It's lower down the page, but the heading makes it obvious. I would like a clearer fit indicator. It says true to size, but I don't know if that means I should order my usual size.",P001,Interview -1.txt,P001_E008,"Yes, that's easy. It's lower down the page, but the heading makes it obvious.",,response:positive,,pending,,
"Yes, that's easy. It's lower down the page, but the heading makes it obvious. I would like a clearer fit indicator. It says true to size, but I don't know if that means I should order my usual size. I see a heart icon, but I'm not completely sure whether that means save or like. I'll click it.",P001,Interview -1.txt,P001_E009,"I would like a clearer fit indicator. It says true to size, but I don't know if that means I should order my usual size.",,domain:navigation;issue:navigation;domain:workflow;response:positive,,pending,,
"I would like a clearer fit indicator. It says true to size, but I don't know if that means I should order my usual size. I see a heart icon, but I'm not completely sure whether that means save or like. I'll click it. It changed color, but there wasn't any confirmation message. I assume it saved, but I would prefer a small confirmation.",P001,Interview -1.txt,P001_E010,"I see a heart icon, but I'm not completely sure whether that means save or like. I'll click it.",,domain:navigation;issue:navigation;domain:workflow;response:neutral,,pending,,
"I see a heart icon, but I'm not completely sure whether that means save or like. I'll click it. It changed color, but there wasn't any confirmation message. I assume it saved, but I would prefer a small confirmation. I would look for a wishlist. I can see my profile, but I don't immediately see wishlist in the menu.",P001,Interview -1.txt,P001_E011,"It changed color, but there wasn't any confirmation message. I assume it saved, but I would prefer a small confirmation.",,domain:navigation;issue:navigation;domain:workflow;response:neutral,,pending,,
"It changed color, but there wasn't any confirmation message. I assume it saved, but I would prefer a small confirmation. I would look for a wishlist. I can see my profile, but I don't immediately see wishlist in the menu. I had to open the account menu first. Wishlist is there, but it is buried under several options.",P001,Interview -1.txt,P001_E012,"I would look for a wishlist. I can see my profile, but I don't immediately see wishlist in the menu.",,domain:navigation;issue:navigation;response:neutral,,pending,,
"I would look for a wishlist. I can see my profile, but I don't immediately see wishlist in the menu. I had to open the account menu first. Wishlist is there, but it is buried under several options. Slightly frustrating. I knew the feature existed, but I had to search for it.",P001,Interview -1.txt,P001_E013,"I had to open the account menu first. Wishlist is there, but it is buried under several options.",,domain:navigation;issue:navigation;response:neutral;response:frustration,,pending,,
"I had to open the account menu first. Wishlist is there, but it is buried under several options. Slightly frustrating. I knew the feature existed, but I had to search for it. Probably yes. The core shopping process is easy, and the product information is good. The wishlist navigation is the main thing I would improve.",P001,Interview -1.txt,P001_E014,"Slightly frustrating. I knew the feature existed, but I had to search for it.",,domain:navigation;issue:navigation;domain:workflow;issue:workflow;response:neutral;response:frustration,,pending,,
"Slightly frustrating. I knew the feature existed, but I had to search for it. Probably yes. The core shopping process is easy, and the product information is good. The wishlist navigation is the main thing I would improve. Better filters, clearer size guidance, and easier access to saved items.",P001,Interview -1.txt,P001_E015,"Probably yes. The core shopping process is easy, and the product information is good. The wishlist navigation is the main thing I would improve.",,domain:navigation;issue:navigation;domain:workflow;issue:workflow;response:neutral;response:frustration,,pending,,
"Probably yes. The core shopping process is easy, and the product information is good. The wishlist navigation is the main thing I would improve. Better filters, clearer size guidance, and easier access to saved items.",P001,Interview -1.txt,P001_E016,"Better filters, clearer size guidance, and easier access to saved items.",,domain:navigation;issue:navigation;domain:workflow;issue:workflow;response:neutral,,pending,,
"Synthetic UX research interview created for Phase 3 dataset development. Okay. I usually compare a few shoes before deciding, especially if I don't know the brand.",P002,Interview -2.txt,P002_E001,Synthetic UX research interview created for Phase 3 dataset development.,,response:neutral,,pending,,
"Synthetic UX research interview created for Phase 3 dataset development. Okay. I usually compare a few shoes before deciding, especially if I don't know the brand. The search is fast. I can filter by category and size, which is useful.",P002,Interview -2.txt,P002_E002,"Okay. I usually compare a few shoes before deciding, especially if I don't know the brand.",,response:neutral,,pending,,
"Okay. I usually compare a few shoes before deciding, especially if I don't know the brand. The search is fast. I can filter by category and size, which is useful. They are useful, although there are too many options on the left. I have to scroll quite a lot.",P002,Interview -2.txt,P002_E003,"The search is fast. I can filter by category and size, which is useful.",,response:positive;outcome:abandonment,,pending,,
"The search is fast. I can filter by category and size, which is useful. They are useful, although there are too many options on the left. I have to scroll quite a lot. The photos and specifications are clear. The reviews are helpful because I care about sizing.",P002,Interview -2.txt,P002_E004,"They are useful, although there are too many options on the left. I have to scroll quite a lot.",,response:positive;outcome:abandonment,,pending,,
"They are useful, although there are too many options on the left. I have to scroll quite a lot. The photos and specifications are clear. The reviews are helpful because I care about sizing. Yes, the size selector shows availability immediately. That's much better than opening another page.",P002,Interview -2.txt,P002_E005,The photos and specifications are clear. The reviews are helpful because I care about sizing.,,response:positive;outcome:abandonment,,pending,,
"The photos and specifications are clear. The reviews are helpful because I care about sizing. Yes, the size selector shows availability immediately. That's much better than opening another page. Done. The basket icon changed, but I didn't get a clear message saying the item was added.",P002,Interview -2.txt,P002_E006,"Yes, the size selector shows availability immediately. That's much better than opening another page.",,response:positive,,pending,,
"Yes, the size selector shows availability immediately. That's much better than opening another page. Done. The basket icon changed, but I didn't get a clear message saying the item was added. Not a major one because I can see the basket count, but a short confirmation would make me more confident.",P002,Interview -2.txt,P002_E007,"Done. The basket icon changed, but I didn't get a clear message saying the item was added.",,response:neutral,,pending,,
"Done. The basket icon changed, but I didn't get a clear message saying the item was added. Not a major one because I can see the basket count, but a short confirmation would make me more confident. The checkout is straightforward. Delivery information is near the top and the progress steps make sense.",P002,Interview -2.txt,P002_E008,"Not a major one because I can see the basket count, but a short confirmation would make me more confident.",,domain:workflow;issue:workflow;response:neutral,,pending,,
"Not a major one because I can see the basket count, but a short confirmation would make me more confident. The checkout is straightforward. Delivery information is near the top and the progress steps make sense. I can edit it, but the address form asks for several fields that don't seem necessary.",P002,Interview -2.txt,P002_E009,The checkout is straightforward. Delivery information is near the top and the progress steps make sense.,,domain:workflow;issue:workflow;response:neutral,,pending,,
"The checkout is straightforward. Delivery information is near the top and the progress steps make sense. I can edit it, but the address form asks for several fields that don't seem necessary. There is a field for county and another for region. I don't know which one applies to my address, so I'm not sure what to enter.",P002,Interview -2.txt,P002_E010,"I can edit it, but the address form asks for several fields that don't seem necessary.",,domain:workflow;issue:workflow;response:neutral;response:confusion,,pending,,
"I can edit it, but the address form asks for several fields that don't seem necessary. There is a field for county and another for region. I don't know which one applies to my address, so I'm not sure what to enter. It accepted the address. The delivery options are clear, but the fastest option is shown first even though it's much more expensive.",P002,Interview -2.txt,P002_E011,"There is a field for county and another for region. I don't know which one applies to my address, so I'm not sure what to enter.",,response:neutral;response:confusion,,pending,,
"There is a field for county and another for region. I don't know which one applies to my address, so I'm not sure what to enter. It accepted the address. The delivery options are clear, but the fastest option is shown first even though it's much more expensive. I'd rather have the cheapest reasonable option highlighted, then show the faster ones.",P002,Interview -2.txt,P002_E012,"It accepted the address. The delivery options are clear, but the fastest option is shown first even though it's much more expensive.",,response:neutral;response:confusion,,pending,,
"It accepted the address. The delivery options are clear, but the fastest option is shown first even though it's much more expensive. I'd rather have the cheapest reasonable option highlighted, then show the faster ones. I can go back, but I'm worried I'll lose the information I entered. I haven't tried it because I don't want to restart.",P002,Interview -2.txt,P002_E013,"I'd rather have the cheapest reasonable option highlighted, then show the faster ones.",,response:neutral,,pending,,
"I'd rather have the cheapest reasonable option highlighted, then show the faster ones. I can go back, but I'm worried I'll lose the information I entered. I haven't tried it because I don't want to restart. Mostly good. The steps are clear and it feels faster than many websites I've used.",P002,Interview -2.txt,P002_E014,"I can go back, but I'm worried I'll lose the information I entered. I haven't tried it because I don't want to restart.",,domain:workflow;issue:workflow;response:neutral,,pending,,
"I can go back, but I'm worried I'll lose the information I entered. I haven't tried it because I don't want to restart. Mostly good. The steps are clear and it feels faster than many websites I've used. Simplify the address form, make add-to-basket feedback clearer, and explain the delivery price difference more clearly.",P002,Interview -2.txt,P002_E015,Mostly good. The steps are clear and it feels faster than many websites I've used.,,domain:workflow;issue:workflow;response:neutral,,pending,,
"Mostly good. The steps are clear and it feels faster than many websites I've used. Simplify the address form, make add-to-basket feedback clearer, and explain the delivery price difference more clearly.",P002,Interview -2.txt,P002_E016,"Simplify the address form, make add-to-basket feedback clearer, and explain the delivery price difference more clearly.",,domain:workflow;issue:workflow;response:neutral,,pending,,
"Synthetic UX research interview created for Phase 3 dataset development. I normally shop on my phone, so I care a lot about how quickly I can scan the page.",P003,Interview -3.txt,P003_E001,Synthetic UX research interview created for Phase 3 dataset development.,,response:neutral,,pending,,
"Synthetic UX research interview created for Phase 3 dataset development. I normally shop on my phone, so I care a lot about how quickly I can scan the page. The home page has lots of banners. It looks attractive, but I have to scroll quite a bit before I reach useful categories.",P003,Interview -3.txt,P003_E002,"I normally shop on my phone, so I care a lot about how quickly I can scan the page.",,response:neutral;outcome:abandonment,,pending,,
"I normally shop on my phone, so I care a lot about how quickly I can scan the page. The home page has lots of banners. It looks attractive, but I have to scroll quite a bit before I reach useful categories. I found it after scrolling. The category menu is not obvious at first.",P003,Interview -3.txt,P003_E003,"The home page has lots of banners. It looks attractive, but I have to scroll quite a bit before I reach useful categories.",,domain:discoverability;domain:navigation;issue:navigation;response:neutral;outcome:abandonment,,pending,,
"The home page has lots of banners. It looks attractive, but I have to scroll quite a bit before I reach useful categories. I found it after scrolling. The category menu is not obvious at first. There is a skin-type filter, but I had to open the filter panel to discover it.",P003,Interview -3.txt,P003_E004,I found it after scrolling. The category menu is not obvious at first.,,domain:discoverability;domain:navigation;issue:navigation;response:neutral;outcome:abandonment,,pending,,
"I found it after scrolling. The category menu is not obvious at first. There is a skin-type filter, but I had to open the filter panel to discover it. The results refreshed quickly. That's good.",P003,Interview -3.txt,P003_E005,"There is a skin-type filter, but I had to open the filter panel to discover it.",,domain:discoverability;domain:navigation;issue:navigation;response:neutral,,pending,,
"There is a skin-type filter, but I had to open the filter panel to discover it. The results refreshed quickly. That's good. Mostly from the product name and rating. I would also like to see key ingredients on the result card.",P003,Interview -3.txt,P003_E006,The results refreshed quickly. That's good.,,response:neutral,,pending,,
The results refreshed quickly. That's good. Mostly from the product name and rating. I would also like to see key ingredients on the result card. The description is long. The important information is mixed with marketing language.,P003,Interview -3.txt,P003_E007,Mostly from the product name and rating. I would also like to see key ingredients on the result card.,,response:neutral,,pending,,
Mostly from the product name and rating. I would also like to see key ingredients on the result card. The description is long. The important information is mixed with marketing language. A short summary at the top saying who the product is for and what the main ingredients are.,P003,Interview -3.txt,P003_E008,The description is long. The important information is mixed with marketing language.,,response:neutral,,pending,,
"The description is long. The important information is mixed with marketing language. A short summary at the top saying who the product is for and what the main ingredients are. I had to read several paragraphs before I found it. It says fragrance-free, which is important to me.",P003,Interview -3.txt,P003_E009,A short summary at the top saying who the product is for and what the main ingredients are.,,domain:discoverability;response:neutral,,pending,,
"A short summary at the top saying who the product is for and what the main ingredients are. I had to read several paragraphs before I found it. It says fragrance-free, which is important to me. Yes, but it is far down the page. I expected an ingredients tab near the top.",P003,Interview -3.txt,P003_E010,"I had to read several paragraphs before I found it. It says fragrance-free, which is important to me.",,domain:discoverability;response:neutral,,pending,,
"I had to read several paragraphs before I found it. It says fragrance-free, which is important to me. Yes, but it is far down the page. I expected an ingredients tab near the top. The button is large and easy to see. I know immediately what to press.",P003,Interview -3.txt,P003_E011,"Yes, but it is far down the page. I expected an ingredients tab near the top.",,domain:discoverability;response:neutral,,pending,,
"Yes, but it is far down the page. I expected an ingredients tab near the top. The button is large and easy to see. I know immediately what to press. That's less obvious. I can change the quantity, but I don't immediately see a remove option.",P003,Interview -3.txt,P003_E012,The button is large and easy to see. I know immediately what to press.,,response:neutral,,pending,,
"The button is large and easy to see. I know immediately what to press. That's less obvious. I can change the quantity, but I don't immediately see a remove option. I reduce the quantity to zero, but that just gives me an error. Then I find the remove link.",P003,Interview -3.txt,P003_E013,"That's less obvious. I can change the quantity, but I don't immediately see a remove option.",,domain:discoverability;issue:discoverability;domain:error_handling;issue:error_recovery;response:neutral,,pending,,
"That's less obvious. I can change the quantity, but I don't immediately see a remove option. I reduce the quantity to zero, but that just gives me an error. Then I find the remove link. A little annoying because I expected the same control to work in both directions.",P003,Interview -3.txt,P003_E014,"I reduce the quantity to zero, but that just gives me an error. Then I find the remove link.",,domain:discoverability;issue:discoverability;domain:error_handling;issue:error_recovery;response:neutral;response:frustration,,pending,,
"I reduce the quantity to zero, but that just gives me an error. Then I find the remove link. A little annoying because I expected the same control to work in both directions. Yes. The basic shopping actions are easy, and it feels responsive.",P003,Interview -3.txt,P003_E015,A little annoying because I expected the same control to work in both directions.,,domain:discoverability;issue:discoverability;domain:error_handling;issue:error_recovery;response:neutral;response:frustration,,pending,,
"A little annoying because I expected the same control to work in both directions. Yes. The basic shopping actions are easy, and it feels responsive. Make important product information easier to scan, simplify the mobile category navigation, and make removal more obvious.",P003,Interview -3.txt,P003_E016,"Yes. The basic shopping actions are easy, and it feels responsive.",,domain:navigation;issue:navigation;response:neutral;response:frustration,,pending,,
"Yes. The basic shopping actions are easy, and it feels responsive. Make important product information easier to scan, simplify the mobile category navigation, and make removal more obvious.",P003,Interview -3.txt,P003_E017,"Make important product information easier to scan, simplify the mobile category navigation, and make removal more obvious.",,domain:navigation;issue:navigation;response:neutral,,pending,,
"Synthetic UX research interview created for Phase 3 dataset development. I don't use the site very often, so I may need to orient myself first.",P004,Interview -4.txt,P004_E001,Synthetic UX research interview created for Phase 3 dataset development.,,response:neutral,,pending,,
"Synthetic UX research interview created for Phase 3 dataset development. I don't use the site very often, so I may need to orient myself first. The home page looks familiar, but I don't see account information immediately.",P004,Interview -4.txt,P004_E002,"I don't use the site very often, so I may need to orient myself first.",,response:neutral,,pending,,
"I don't use the site very often, so I may need to orient myself first. The home page looks familiar, but I don't see account information immediately. Top right, probably. There's a small person icon.",P004,Interview -4.txt,P004_E003,"The home page looks familiar, but I don't see account information immediately.",,response:neutral,,pending,,
"The home page looks familiar, but I don't see account information immediately. Top right, probably. There's a small person icon. Okay, now I see orders, saved items, and settings. That's actually pretty clear.",P004,Interview -4.txt,P004_E004,"Top right, probably. There's a small person icon.",,response:neutral,,pending,,
"Top right, probably. There's a small person icon. Okay, now I see orders, saved items, and settings. That's actually pretty clear. The order list is easy to understand. I can see dates and order numbers.",P004,Interview -4.txt,P004_E005,"Okay, now I see orders, saved items, and settings. That's actually pretty clear.",,response:neutral,,pending,,
"Okay, now I see orders, saved items, and settings. That's actually pretty clear. The order list is easy to understand. I can see dates and order numbers. The list is sorted by date, which helps. I found it quickly.",P004,Interview -4.txt,P004_E006,The order list is easy to understand. I can see dates and order numbers.,,domain:discoverability;response:neutral,,pending,,
"The order list is easy to understand. I can see dates and order numbers. The list is sorted by date, which helps. I found it quickly. I can see a ""View order"" button. I'll open that.",P004,Interview -4.txt,P004_E007,"The list is sorted by date, which helps. I found it quickly.",,domain:discoverability;response:neutral,,pending,,
"The list is sorted by date, which helps. I found it quickly. I can see a ""View order"" button. I'll open that. There are several buttons: track, reorder, invoice, and return. The return button is easy to spot.",P004,Interview -4.txt,P004_E008,"I can see a ""View order"" button. I'll open that.",,domain:discoverability;response:neutral,,pending,,
"I can see a ""View order"" button. I'll open that. There are several buttons: track, reorder, invoice, and return. The return button is easy to spot. It asks for a reason. That's fine, but some of the options are worded strangely.",P004,Interview -4.txt,P004_E009,"There are several buttons: track, reorder, invoice, and return. The return button is easy to spot.",,response:neutral,,pending,,
"There are several buttons: track, reorder, invoice, and return. The return button is easy to spot. It asks for a reason. That's fine, but some of the options are worded strangely. ""Item not required"" sounds formal. I would understand ""I changed my mind"" more quickly.",P004,Interview -4.txt,P004_E010,"It asks for a reason. That's fine, but some of the options are worded strangely.",,response:neutral,,pending,,
"It asks for a reason. That's fine, but some of the options are worded strangely. ""Item not required"" sounds formal. I would understand ""I changed my mind"" more quickly. It gives me a choice of refund methods. The explanation is useful.",P004,Interview -4.txt,P004_E011,"""Item not required"" sounds formal. I would understand ""I changed my mind"" more quickly.",,response:neutral,,pending,,
"""Item not required"" sounds formal. I would understand ""I changed my mind"" more quickly. It gives me a choice of refund methods. The explanation is useful. Yes. I like that it tells me when the refund will appear.",P004,Interview -4.txt,P004_E012,It gives me a choice of refund methods. The explanation is useful.,,response:neutral,,pending,,
"It gives me a choice of refund methods. The explanation is useful. Yes. I like that it tells me when the refund will appear. The return process is mostly clear, but I wouldn't know where to find the return policy unless I started the return.",P004,Interview -4.txt,P004_E013,Yes. I like that it tells me when the refund will appear.,,domain:discoverability;issue:discoverability;domain:workflow;issue:workflow;response:positive,,pending,,
"Yes. I like that it tells me when the refund will appear. The return process is mostly clear, but I wouldn't know where to find the return policy unless I started the return. A little. I might want to check the policy before committing.",P004,Interview -4.txt,P004_E014,"The return process is mostly clear, but I wouldn't know where to find the return policy unless I started the return.",,domain:discoverability;issue:discoverability;domain:workflow;issue:workflow;response:neutral,,pending,,
"The return process is mostly clear, but I wouldn't know where to find the return policy unless I started the return. A little. I might want to check the policy before committing. Put the return-policy link directly on the order page and use simpler wording for the return reasons.",P004,Interview -4.txt,P004_E015,A little. I might want to check the policy before committing.,,domain:discoverability;issue:discoverability;domain:workflow;issue:workflow;response:neutral,,pending,,
"A little. I might want to check the policy before committing. Put the return-policy link directly on the order page and use simpler wording for the return reasons. Surprisingly easy. I expected order management to be complicated, but it wasn't.",P004,Interview -4.txt,P004_E016,Put the return-policy link directly on the order page and use simpler wording for the return reasons.,,response:neutral,,pending,,
"Put the return-policy link directly on the order page and use simpler wording for the return reasons. Surprisingly easy. I expected order management to be complicated, but it wasn't. The order page. It gives me the information I need without making me go through lots of screens.",P004,Interview -4.txt,P004_E017,"Surprisingly easy. I expected order management to be complicated, but it wasn't.",,response:neutral,,pending,,
"Surprisingly easy. I expected order management to be complicated, but it wasn't. The order page. It gives me the information I need without making me go through lots of screens.",P004,Interview -4.txt,P004_E018,The order page. It gives me the information I need without making me go through lots of screens.,,response:neutral,,pending,,
"Synthetic UX research interview created for Phase 3 dataset development. I usually browse for inspiration, so recommendations are important to me.",P005,Interview -5.txt,P005_E001,Synthetic UX research interview created for Phase 3 dataset development.,,response:neutral,,pending,,
"Synthetic UX research interview created for Phase 3 dataset development. I usually browse for inspiration, so recommendations are important to me. The recommendations are relevant at first. I'm seeing products similar to things I would wear.",P005,Interview -5.txt,P005_E002,"I usually browse for inspiration, so recommendations are important to me.",,response:neutral,,pending,,
"I usually browse for inspiration, so recommendations are important to me. The recommendations are relevant at first. I'm seeing products similar to things I would wear. The heart button is familiar. I know what it means without reading anything.",P005,Interview -5.txt,P005_E003,The recommendations are relevant at first. I'm seeing products similar to things I would wear.,,response:neutral,,pending,,
"The recommendations are relevant at first. I'm seeing products similar to things I would wear. The heart button is familiar. I know what it means without reading anything. That worked too. I can see a small animation, so I know the action happened.",P005,Interview -5.txt,P005_E004,The heart button is familiar. I know what it means without reading anything.,,response:neutral,,pending,,
"The heart button is familiar. I know what it means without reading anything. That worked too. I can see a small animation, so I know the action happened. I see a wishlist icon at the top, so this is much easier than I expected.",P005,Interview -5.txt,P005_E005,"That worked too. I can see a small animation, so I know the action happened.",,response:neutral,,pending,,
"That worked too. I can see a small animation, so I know the action happened. I see a wishlist icon at the top, so this is much easier than I expected. I can see the products, prices, and sizes, but I can't compare them side by side.",P005,Interview -5.txt,P005_E006,"I see a wishlist icon at the top, so this is much easier than I expected.",,response:neutral,,pending,,
"I see a wishlist icon at the top, so this is much easier than I expected. I can see the products, prices, and sizes, but I can't compare them side by side. Mainly price, material, and rating. Right now I have to open each product separately.",P005,Interview -5.txt,P005_E007,"I can see the products, prices, and sizes, but I can't compare them side by side.",,response:neutral,,pending,,
"I can see the products, prices, and sizes, but I can't compare them side by side. Mainly price, material, and rating. Right now I have to open each product separately. The product page loads quickly.",P005,Interview -5.txt,P005_E008,"Mainly price, material, and rating. Right now I have to open each product separately.",,domain:performance;issue:performance;response:neutral,,pending,,
"Mainly price, material, and rating. Right now I have to open each product separately. The product page loads quickly. This one takes noticeably longer. I'm not sure if the website is slower or if the page has more content.",P005,Interview -5.txt,P005_E009,The product page loads quickly.,,domain:performance;issue:performance;response:neutral;response:confusion,,pending,,
"The product page loads quickly. This one takes noticeably longer. I'm not sure if the website is slower or if the page has more content. It isn't a major problem, but it interrupts the browsing flow.",P005,Interview -5.txt,P005_E010,This one takes noticeably longer. I'm not sure if the website is slower or if the page has more content.,,domain:performance;issue:performance;response:neutral;response:confusion,,pending,,
"This one takes noticeably longer. I'm not sure if the website is slower or if the page has more content. It isn't a major problem, but it interrupts the browsing flow. Yes, but I have to open each product. I wish the wishlist showed availability directly.",P005,Interview -5.txt,P005_E011,"It isn't a major problem, but it interrupts the browsing flow.",,domain:performance;issue:performance;response:neutral;response:confusion,,pending,,
"It isn't a major problem, but it interrupts the browsing flow. Yes, but I have to open each product. I wish the wishlist showed availability directly. Definitely. I would use it more if I could manage items without reopening every product.",P005,Interview -5.txt,P005_E012,"Yes, but I have to open each product. I wish the wishlist showed availability directly.",,response:neutral,,pending,,
"Yes, but I have to open each product. I wish the wishlist showed availability directly. Definitely. I would use it more if I could manage items without reopening every product. I would expect the wishlist to warn me. Instead, I have to open it to discover that it's unavailable.",P005,Interview -5.txt,P005_E013,Definitely. I would use it more if I could manage items without reopening every product.,,response:neutral,,pending,,
"Definitely. I would use it more if I could manage items without reopening every product. I would expect the wishlist to warn me. Instead, I have to open it to discover that it's unavailable. Show stock status on the wishlist and let me remove or compare items there.",P005,Interview -5.txt,P005_E014,"I would expect the wishlist to warn me. Instead, I have to open it to discover that it's unavailable.",,response:neutral,,pending,,
"I would expect the wishlist to warn me. Instead, I have to open it to discover that it's unavailable. Show stock status on the wishlist and let me remove or compare items there. Saving items is excellent. The heart icon and animation make the action obvious.",P005,Interview -5.txt,P005_E015,Show stock status on the wishlist and let me remove or compare items there.,,response:neutral;response:satisfaction,,pending,,
Show stock status on the wishlist and let me remove or compare items there. Saving items is excellent. The heart icon and animation make the action obvious. The wishlist feels like a storage place rather than a decision-making tool. It should help me compare and decide what to buy.,P005,Interview -5.txt,P005_E016,Saving items is excellent. The heart icon and animation make the action obvious.,,response:neutral;response:satisfaction,,pending,,
Saving items is excellent. The heart icon and animation make the action obvious. The wishlist feels like a storage place rather than a decision-making tool. It should help me compare and decide what to buy. Yes. The recommendations are good and the basic browsing is enjoyable. The wishlist just needs more useful information.,P005,Interview -5.txt,P005_E017,The wishlist feels like a storage place rather than a decision-making tool. It should help me compare and decide what to buy.,,response:positive;response:satisfaction,,pending,,
The wishlist feels like a storage place rather than a decision-making tool. It should help me compare and decide what to buy. Yes. The recommendations are good and the basic browsing is enjoyable. The wishlist just needs more useful information.,P005,Interview -5.txt,P005_E018,Yes. The recommendations are good and the basic browsing is enjoyable. The wishlist just needs more useful information.,,response:positive,,pending,,
